habitat_tags,morphology_tags,diet_tags,behavior_tags,reproduction_tags,habitat_note,morphology_note,diet_note,behavior_note,reproduction_note,reference_summary,created_at,updated_at,taxonomy_tags,species_id,geography_tags,conservation_tags,key_fact_tags,signature_tag,scientific_name
"{freshwater,aquatic,terrestrial,wetland}","{shelled,domed_shell,dark_coloration,brown_coloration,spotted}","{scavenger,omnivore,piscivore,crustacean_eater}","{migratory,scent_trail}","{long_lived,egg_laying}","Prefers shallow, clear standing water with abundant aquatic vegetation, but also uses open grasslands for nesting.","Has a high, domed upper shell (carapace) and a hinged lower shell (plastron) that allows it to close completely.. Has a dark, smooth upper shell often covered in yellow spots or flecks, with a distinctive bright yellow chin and throat.","Diet: Omnivore. Preys on: crayfish, small animals, carrion. Plants: plant material, seeds","Is highly mobile and travels extensively between different wetlands.. Leaves strong scent trails, making it vulnerable to predators like raccoons and foxes.",Reproduction: Oviparous. Clutch: 8-15. Lifespan: 77.000000000000000000000000000000 years,"Blanding's Turtle (Emydoidea blandingii) — REPTILIA, EMYDIDAE. EN.",2026-04-12 02:53:32.369929+00,2026-04-12 02:53:32.369929+00,"{testudines,reptilia,emydoidea,emydidae}",1,{},{},{},,Emydoidea blandingii
"{lentic,freshwater,arid,riverine,aquatic,terrestrial,wetland}","{shelled,large_bodied,leathery_skin,flattened_body,brown_coloration,specialized_snout,spotted}","{scavenger,folivore,molluscivore,omnivore,carnivore,piscivore,insect_eater,crustacean_eater}",{ambush_predator},"{long_lived,egg_laying}","Found in nearly any type of freshwater body, but prefers a soft bottom with sandbars or mudbanks for basking and nesting.","Has a flat, leathery, pancake-like shell instead of a hard dome, and a long, snorkel-like snout.. Its leathery upper shell is olive to tan with small dark spots or circles. The underside is a light cream or white color.","Diet: Omnivore (Primarily Carnivore). Preys on: crayfish, fish, insects, snails, carrion. Plants: algae, leaves, acorns, pecans","An ambush predator that buries itself in sand or mud at the bottom of a river, with only its head exposed.. Forages by actively thrusting its long snout into vegetation or under rocks.",Reproduction: Oviparous. Clutch: 12-18. Lifespan: 65.000000000000000000000000000000 years,"Spiny Softshell Turtle (Apalone spinifera) — REPTILIA, TRIONYCHIDAE. LC.",2026-04-12 02:53:32.369929+00,2026-04-12 02:53:32.369929+00,"{testudines,apalone,reptilia,trionychidae}",2,{},{},{},,Apalone spinifera
"{temperate,forest,freshwater,riverine,aquatic,terrestrial,wetland}","{tiny,green_coloration,flattened_body,webbed_digits,brown_coloration,slender}","{carnivore,insect_eater}",{parental_care},"{metamorphosis,egg_laying,short_lived,oral_brooding}",Hides among wet leaves and moss by day; often near shallow shaded streams,Small flat body with long slender limbs and tiny webbing. Pointed nose and triangular head mimic fallen leaf,Diet: Carnivore. Preys on: Ants; springtails; small beetles; spiders. Plants: None,Male shelters developing tadpoles inside vocal sac; releases live froglets from mouth. Diurnal sit and wait hunter that chirps a soft peep call and basks in sun patches,Reproduction: Oviparous. Clutch: four to ten eggs. Lifespan: 10.000000000000000000000000000000 years,"Darwin Frog (Rhinoderma darwinii) — AMPHIBIA, Rhinodermatidae. EN.",2026-04-12 02:53:32.369929+00,2026-04-12 02:53:32.369929+00,"{rhinodermatidae,anura,amphibia,rhinoderma}",3,{},{},{},,Rhinoderma darwinii
"{montane,forest,freshwater,riverine,aquatic,terrestrial}","{shelled,brown_coloration,beak,prehensile_tail}","{crustacean_eater,frugivore,scavenger,molluscivore,carnivore,piscivore}","{climber,bone_claw_defense}",{egg_laying},"Nocturnal stream-bank ambusher that hides beneath flat rocks in clear, fast water up to 1 200 m elevation.","Enormous head fixed outside the shell; hooked beak, long prehensile tail and vise-like jaws.. Serrated posterior rim and pale bridge mottling","Diet: Carnivore (opportunistic). Preys on: Snails, crabs, freshwater shrimp, small fish, carrion. Plants: Occasional fruit or fallen figs","Climbs waterfalls using tail, claws and beak; can scale vertical mossy rock.. Aggressive when handled; delivers powerful bite and emits a raspy hiss.","Reproduction: Oviparous. Clutch: 13 eggs per clutch, up to 2 clutches per year. Lifespan: 30.000000000000000000000000000000 years","Big-headed Turtle (Platysternon megacephalum) — REPTILIA, Platysternidae. CR.",2026-04-12 02:53:32.369929+00,2026-04-12 02:53:32.369929+00,"{platysternon,testudines,reptilia,platysternidae}",4,{},{},{},,Platysternon megacephalum
"{forest,lentic,freshwater,tropical,aquatic,terrestrial}","{gliding_membranes,green_coloration,flattened_body}","{carnivore,insect_eater}",{glider},"{egg_laying,short_lived}","Spends most of its life 20–30 m up in emergent trees, gliding between trunks and descending only to mate.","Broad, flat body with parachute-like skin flaps; toes spread wider than its head when fully splayed.. Huge yellow toe pads and jet-black membranes give the feet a superhero-cape look.",Diet: Carnivore. Preys on: Moths; crickets; beetles; arboreal spiders. Plants: None,"Launches from branches and glides up to 15 m, steering with outstretched webbed fingers and toes.. At dusk, pairs build frothy, golf-ball-size nests on leaves that hang above rain-filled pools.",Reproduction: Oviparous. Clutch: 200–1000 eggs. Lifespan: 8.000000000000000000000000000000 years,"Wallace's Flying Frog (Rhacophorus nigropalmatus) — AMPHIBIA, Rhacophoridae. LC.",2026-04-12 02:53:32.369929+00,2026-04-12 02:53:32.369929+00,"{rhacophorus,anura,rhacophoridae,amphibia}",5,{},{},{},,Rhacophorus nigropalmatus
"{forest,freshwater,tropical,riverine,aquatic,terrestrial}","{tiny,adhesive_pads,green_coloration,leathery_skin,slender}",{insect_eater},{startle_display},"{egg_laying,short_lived}",Spends nights clinging to broad leaves high above forest ponds then descends to lay eggs on overhanging vegetation,Slender limbs with jumbo suction pads and soft body ideal for leaf life. large crimson eyes and white belly with smooth skin,Diet: insectivore. Preys on: moths; crickets; flies; small grasshoppers. Plants: none,Flashes red eyes and blue flanks to startle predators then snaps them shut to vanish. Egg clutches jiggle when attacked so tadpoles drop into water early to escape,Reproduction: oviparous. Clutch: twenty to fifty eggs. Lifespan: 5.000000000000000000000000000000 years,"Red-eyed Tree Frog (Agalychnis callidryas) — AMPHIBIA, Phyllomedusidae. LC.",2026-04-12 02:53:32.369929+00,2026-04-12 02:53:32.369929+00,"{agalychnis,anura,phyllomedusidae,amphibia}",6,{},{},{},,Agalychnis callidryas
"{forest,freshwater,riverine,aquatic,terrestrial}","{dermal_filaments,striped,brown_coloration,specialized_snout}",{insect_eater},{bone_claw_defense},"{egg_laying,short_lived}",Adults hide along rocky forest torrents by day then prowl banks on humid nights,Robust body short snout and wide head males sprout hair-like skin filaments on flanks and thighs. broad dark mid-back band with black limbs,Diet: insectivore. Preys on: beetles; crickets; millipedes; small spiders. Plants: none,Breaks its own toe bones to project sharp claws when grabbed. Males grow ‘hair’ that boosts skin breathing during underwater egg guarding,Reproduction: oviparous. Clutch: one hundred to two hundred eggs. Lifespan: 15.000000000000000000000000000000 years,"Hairy Frog (Trichobatrachus robustus) — AMPHIBIA, Arthroleptidae. LC.",2026-04-12 02:53:32.369929+00,2026-04-12 02:53:32.369929+00,"{trichobatrachus,arthroleptidae,anura,amphibia}",7,{},{},{},,Trichobatrachus robustus
"{montane,forest,freshwater,riverine,aquatic,terrestrial}","{prehensile_tail,tiny,flattened_body,striped,brown_coloration,slender}","{molluscivore,insect_eater}",{voiceless},{egg_laying},Lives all year in frigid clear streams where water tumbles over stones; adults shelter in moist leaf litter nearby,Slender body with flat head; vertical pupils; males carry a tail-like copulatory organ. fine bumps and a dark eye stripe,Diet: insectivore. Preys on: aquatic insect larvae; small snails; spiders. Plants: none,Voiceless frog that uses body signals instead of croaks beside roaring streams. Internal fertilisation underwater with the male tail organ,Reproduction: oviparous. Clutch: forty to eighty eggs. Lifespan: 20.000000000000000000000000000000 years,"Coastal Tailed Frog (Ascaphus truei) — AMPHIBIA, Ascaphidae. LC.",2026-04-12 02:53:32.369929+00,2026-04-12 02:53:32.369929+00,"{anura,ascaphidae,ascaphus,amphibia}",8,{},{},{},,Ascaphus truei
"{forest,freshwater,tropical,aquatic,terrestrial}","{tiny,adhesive_pads,yellow_coloration,blue_coloration,striped,dark_coloration,spotted}",{insect_eater},{parental_care},"{metamorphosis,egg_laying,short_lived}",Active by day on damp forest floor around canopy gaps; requires small water pockets for tadpoles,Sturdy limbs smooth skin and adhesive toe pads suited to short climbs. irregular stripes blotches and spots varying by morph,Diet: insectivore. Preys on: ants; termites; fruit flies; tiny beetles; mites. Plants: none,Males guard eggs then ferry tadpoles piggyback to rain pools. Rarely calls; relies on vivid warning colours to deter predators,Reproduction: oviparous. Clutch: two to six eggs. Lifespan: 8.000000000000000000000000000000 years,"Dyeing Poison Dart Frog (Dendrobates tinctorius) — AMPHIBIA, Dendrobatidae. LC.",2026-04-12 02:53:32.369929+00,2026-04-12 02:53:32.369929+00,"{anura,dendrobatidae,dendrobates,amphibia}",9,{},{},{},,Dendrobates tinctorius
"{forest,lentic,freshwater,riverine,aquatic,terrestrial,wetland}","{grey_coloration,flattened_body,brown_coloration,spotted}","{crustacean_eater,vermivore,carnivore,piscivore,insect_eater}",{suction_feeder},"{egg_laying,short_lived}",Lies motionless buried in leaf litter or soft mud on the floor of dark still waters,Extremely flat triangle head star finger tips and wide splayed limbs. speckled warty skin with rough ridges,Diet: carnivore. Preys on: small fish; aquatic insects; worms; crustaceans. Plants: none,Creates instant vacuum to suck prey into tongueless mouth. Males perform underwater somersaults while pressing eggs onto female back,Reproduction: oviparous. Clutch: up to one hundred eggs. Lifespan: 8.000000000000000000000000000000 years,"Suriname Toad (Pipa pipa) — AMPHIBIA, Pipidae. LC.",2026-04-12 02:53:32.369929+00,2026-04-12 02:53:32.369929+00,"{anura,pipidae,pipa,amphibia}",10,{},{},{},,Pipa pipa
"{freshwater,riverine,aquatic,terrestrial}","{green_coloration,flattened_body,webbed_digits,brown_coloration,spotted}","{herpetivore,carnivore,piscivore,insect_eater,crustacean_eater}",{nest_builder},"{egg_laying,short_lived}",Adults perch on boulders at night and retreat under water during the day,Flat broad head huge hind legs and fully webbed feet as big as a human hand. rough grainy skin with speckled limbs,Diet: carnivore. Preys on: crabs; insects; fish; other frogs; small snakes. Plants: none,Males shift heavy stones to build nursery pools for eggs. Lacks vocal sac and communicates with short whistles and body movements,Reproduction: oviparous. Clutch: three hundred to eight hundred eggs. Lifespan: 15.000000000000000000000000000000 years,"Goliath Frog (Conraua goliath) — AMPHIBIA, Conrauidae. EN.",2026-04-12 02:53:32.369929+00,2026-04-12 02:53:32.369929+00,"{conrauidae,anura,conraua,amphibia}",11,{},{},{},,Conraua goliath
"{montane,forest,freshwater,riverine,aquatic,terrestrial}","{shelled,brown_coloration}","{frugivore,vermivore,scavenger,folivore,molluscivore,omnivore}","{diurnal,nest_builder,crepuscular}",{egg_laying},Secretive forest-floor dweller; favours deep leaf litter in closed-canopy rainforest up to 900 m,"Peaked vertebral keel; shell ridges mimic thorny forest seed pods.. Saw-toothed marginal scutes give a spiky outline, esp. in juveniles","Diet: Omnivore. Preys on: Snails, earthworms, carrion. Plants: Fallen figs, palm fruit, mushrooms, young leaves",Diurnal; shifts to crepuscular activity in hot weather; dives into pools when alarmed. Can emit a high-pitched squeala rarity among turtleswhen seized,Reproduction: Oviparous (egg-laying). Clutch: 14 eggs per clutch; up to 3 clutches yr. Lifespan: 40.000000000000000000000000000000 years,"Spiny Hill Turtle (Heosemys spinosa) — REPTILIA, Geoemydidae. EN.",2026-04-12 02:53:32.369929+00,2026-04-12 02:53:32.369929+00,"{testudines,geoemydidae,reptilia,heosemys}",12,{},{},{},,Heosemys spinosa
"{forest,freshwater,aquatic,terrestrial,wetland}","{rounded_body,red_coloration,flattened_body,spotted}","{vermivore,carnivore,insect_eater}","{toxic,inflates_defense}","{egg_laying,short_lived}",Spends daylight buried under leaf litter; emerges after heavy rain to breed in shallow pools,Plump round body with short limbs and wide flat head. Smooth skin with tiny pale flecks,Diet: Carnivore. Preys on: Ants; termites; small beetles; worms. Plants: None,Inflates like a balloon and exudes sticky toxin when grabbed. Males give a low honk call from the water edge on warm rainy nights,Reproduction: Oviparous. Clutch: From one thousand to fifteen hundred eggs. Lifespan: 8.000000000000000000000000000000 years,"Madagascar Tomato Frog (Dyscophus antongilii) — AMPHIBIA, Microhylidae. EN.",2026-04-12 02:53:32.369929+00,2026-04-12 02:53:32.369929+00,"{anura,dyscophus,amphibia,microhylidae}",13,{},{},{},,Dyscophus antongilii
"{coastal,scrubland,arid,terrestrial}","{tiny,rounded_body,yellow_coloration,brown_coloration}",{insect_eater},"{vocal,inflates_defense}","{egg_laying,short_lived}",Burrows in loose sand behind the beach line and surfaces at night when mist wets the ground,Round squat body with short limbs and chubby appearance. dark blotches on back with translucent skin on the sides,Diet: insectivore. Preys on: moths; termites; woodlice; small beetles. Plants: none,Inflates body and lets out a loud squeak when disturbed. Spends daylight hidden in self dug sand burrow,Reproduction: oviparous. Clutch: twelve to fifteen eggs. Lifespan: 6.000000000000000000000000000000 years,"Desert Rain Frog (Breviceps macrops) — AMPHIBIA, Brevicipitidae. NT.",2026-04-12 02:53:32.369929+00,2026-04-12 02:53:32.369929+00,"{breviceps,anura,brevicipitidae,amphibia}",14,{},{},{},,Breviceps macrops
"{scrubland,arid,terrestrial}","{shelled,flattened_body,brown_coloration,radiating_pattern}","{herbivore,folivore,grazer,succulent_feeder}","{climber,fast_runner}",{egg_laying},Flat-shelled climber that wedges into narrow rock cracks on sun-baked hillsides 301 800 m a.s.l.,"Ultra-flat, flexible shell with open-latticed bone; rear lump ossified.. Dark radiating lines camouflage on each scute","Diet: Herbivore (opportunistic). Plants: Dry grasses, succulents, leaves; seldom drinks free water",Runs & climbs with surprising speed; escapes by chimney-climbing into crevices.. Groups of up to 10 share the same crack; rare sociality for tortoises.,"Reproduction: Oviparous. Clutch: 1 egg per clutch, repeated every 48 wks in season. Lifespan: 30.000000000000000000000000000000 years","Pancake Tortoise (Malacochersus tornieri) — REPTILIA, Testudinidae. CR.",2026-04-12 02:53:32.369929+00,2026-04-12 02:53:32.369929+00,"{testudinidae,testudines,reptilia,malacochersus}",15,{},{},{},,Malacochersus tornieri
"{forest,freshwater,riverine,aquatic,terrestrial}","{purple_coloration,tiny,rounded_body,specialized_snout}",{insect_eater},"{burrower,voiceless,ambush_predator}","{egg_laying,short_lived}",Lives two metres underground in loose humus rich soil then tunnels to forest streams for brief breeding burst,Round bloated body tiny eyes and a pointed pig snout perfect for termite digging. smooth balloon like skin with tiny dimples,Diet: insectivore. Preys on: termites; ants; tiny soil arthropods. Plants: none,Spends three hundred sixty days a year buried and silent emerging for just a couple of monsoon nights. Males call with a muffled honk while hidden under leaf litter near torrents,Reproduction: oviparous. Clutch: up to three thousand eggs. Lifespan: 7.000000000000000000000000000000 years,"Purple Frog (Nasikabatrachus sahyadrensis) — AMPHIBIA, Nasikabatrachidae. EN.",2026-04-12 02:53:32.369929+00,2026-04-12 02:53:32.369929+00,"{anura,nasikabatrachus,nasikabatrachidae,amphibia}",16,{},{},{},,Nasikabatrachus sahyadrensis
"{lentic,freshwater,tropical,arid,riverine,aquatic}","{grey_coloration,flipper_limbs,shelled,large_bodied,leathery_skin,brown_coloration,specialized_snout}","{crustacean_eater,frugivore,scavenger,folivore,molluscivore,omnivore,insect_eater}",{swimmer},{egg_laying},Fully aquatic species inhabiting turbid tropical rivers and still backwaters; nests on exposed sandbars late dry season.,"Flipper-like forelimbs, pig-like fleshy snout with nasal openings at tip, pliable shell covered in skin.. Smooth leathery shell without scutes","Diet: Omnivore. Preys on: Aquatic insects, freshwater prawns, snails, carrion. Plants: Figs, fallen fruit, riverine vegetation",Highly aquatic; surfaces briefly to breathe then cruises mid-water using marine-style flippers.. Females migrate en masse to sandy bars to lay eggs that remain in suspended development until first wet-season flood.,Reproduction: Oviparous (egg-laying). Clutch: 735 eggs; 12 clutches per year. Lifespan: 35.000000000000000000000000000000 years,"Pig-nosed Turtle (Carettochelys insculpta) — REPTILIA, Carettochelyidae. EN.",2026-04-12 02:53:32.369929+00,2026-04-12 02:53:32.369929+00,"{carettochelys,testudines,carettochelyidae,reptilia}",17,{},{},{},,Carettochelys insculpta
"{lentic,freshwater,riverine,aquatic}","{grey_coloration,shelled,large_bodied,leathery_skin,flattened_body,webbed_digits,brown_coloration,specialized_snout,spotted}","{folivore,molluscivore,herpetivore,omnivore,carnivore,piscivore,crustacean_eater}","{swimmer,ambush_predator,burrower}","{long_lived,egg_laying}","Prefers deep pools of large turbid rivers & associated lakes with soft, sandy or muddy substrates.","Flattened, leathery carapace; elongated tubular snout; powerful webbed limbs.. Fine pale speckles on carapace & limbs","Diet: Omnivore (carnivore-leaning). Preys on: Fish, crabs, snails, frogs. Plants: Aquatic vegetation (e.g., water hyacinth)","Secretive; surfaces briefly to breathe, spends most time buried in mud.. Capable of bimodal respiration, absorbing oxygen through pharyngeal lining.",Reproduction: Oviparous (egg-laying). Clutch: 2080 eggs per clutch. Lifespan: 100.000000000000000000000000000000 years,"Yangtze Giant Softshell Turtle (Rafetus swinhoei) — REPTILIA, Trionychidae. CR.",2026-04-12 02:53:32.369929+00,2026-04-12 02:53:32.369929+00,"{rafetus,testudines,reptilia,trionychidae}",18,{},{},{},,Rafetus swinhoei
"{scrubland,arid,volcanic,terrestrial}","{shelled,large_bodied,dark_coloration,brown_coloration}","{frugivore,herbivore,grazer,succulent_feeder}",{diurnal},"{long_lived,egg_laying}","Uses arid cactus lowlands in the cool season and migrates to lush, humid highlands during the wet season","Massive elephant-like limbs, long neck, variable shell profile.. Carapace either domed or saddle-backed depending on subspecies","Diet: Herbivore. Preys on: N/A. Plants: Grasses, forbs, cactus pads, fallen fruit; can survive > 12 months without fresh food or water by slowing metabolism",Diurnal; may rest up to 16 h day?? under vegetation or in mud wallows. Seasonal altitudinal migrations track plant growth and moisture,Reproduction: Oviparous (egg-laying). Clutch: 416 eggs per clutch; 12 clutches yr. Lifespan: 177.000000000000000000000000000000 years,"Galapagos Giant Tortoise (Chelonoidis niger) — REPTILIA, Testudinidae. VU.",2026-04-12 02:53:32.369929+00,2026-04-12 02:53:32.369929+00,"{testudinidae,testudines,chelonoidis,reptilia}",19,{},{},{},,Chelonoidis niger
"{scrubland,arid,terrestrial}","{large_bodied,yellow_coloration,spined}","{herbivore,grazer,succulent_feeder}","{crepuscular,burrower}","{long_lived,egg_laying}",Burrow-dwelling grazer that escapes blistering heat in tunnels up to 3 m deep and 10 m long.,"Massive forelimbs armoured with overlapping scales; hind legs sport conical spurs that inspired its name.. Elevated growth annuli on each scute give a rugged, saddle-backed look.","Diet: Herbivore. Plants: Coarse grasses, forbs, succulents, fallen dry-season blooms; gains moisture from drought-resistant plants.","Crepuscular; emerges at dawn and dusk to forage, retreating underground during midday extremes.. Males ram and clash loudly in dominance bouts, sometimes flipping rivals onto their backs.",Reproduction: Oviparous. Clutch: 1530. Lifespan: 70.000000000000000000000000000000 years,"African Spurred Tortoise (Centrochelys sulcata) — REPTILIA, Testudinidae. VU.",2026-04-12 02:53:32.369929+00,2026-04-12 02:53:32.369929+00,"{testudinidae,testudines,reptilia,centrochelys}",20,{},{},{},,Centrochelys sulcata
"{forest,terrestrial}","{shelled,yellow_coloration,domed_shell,radiating_pattern}","{frugivore,herbivore,grazer,succulent_feeder}",{diurnal},"{long_lived,egg_laying}","Prefers dry regions of brush, thorn (Diderae) forests, and woodlands of southern Madagascar.","High-domed carapace with smooth (not pyramidal) scutes, a blunt head, and elephantine feet.. Brilliant yellow lines radiating from the center of each dark shell plate, creating a 'star' pattern.","Diet: Herbivore. Preys on: N/A. Plants: Grazes on grasses, fruit, and succulent plants. A favorite food is the Opuntia cactus. Prefers new growth over mature growth.","Diurnal (active during the day). Known to graze regularly in the same area, keeping vegetation trimmed.. Males perform noisy mating rituals, bobbing heads and sometimes lifting the female with their shell.",Reproduction: Oviparous (egg-laying). Clutch: 3 to 12 eggs. Lifespan: 188.000000000000000000000000000000 years,"Radiated Tortoise (Astrochelys radiata) — REPTILIA, Testudinidae. CR.",2026-04-12 02:53:32.369929+00,2026-04-12 02:53:32.369929+00,"{testudinidae,testudines,reptilia,astrochelys}",21,{},{},{},,Astrochelys radiata
"{montane,forest,volcanic,terrestrial}","{grey_coloration,shelled,large_bodied,saddleback_shell,dark_coloration}","{frugivore,herbivore,grazer,succulent_feeder}","{diurnal,ecosystem_engineer}","{long_lived,egg_laying}","Inhabited deciduous forests, evergreen montane forests, and humid grasslands. Juveniles stayed in the warmer lowland areas.","Characterized by a prominent saddleback-shaped carapace, which distinguishes it from dome-shelled tortoises.. Distinctive saddleback-shaped carapace.","Diet: Herbivore. Preys on: N/A. Plants: Fed primarily on greens, grasses, native fruit, and low-hanging cactus pads.","Diurnal (active during the day). Rested for about 16 hours a day.. A critical ecosystem engineer, shaping the island's vegetation through herbivory and seed dispersal.",Reproduction: Oviparous (egg-laying). Clutch: Unknown. Lifespan: 125.000000000000000000000000000000 years,"Pinta Island Tortoise (Chelonoidis abingdonii) — REPTILIA, Testudinidae. EX.",2026-04-12 02:53:32.369929+00,2026-04-12 02:53:32.369929+00,"{testudinidae,testudines,chelonoidis,reptilia}",22,{},{},{},,Chelonoidis abingdonii
