id,species_id,method,observation_text,inference_text,trait_category,primary_predicate,compare_tags,is_signature,specificity,source,review_status,created_at
43,50,track,Partial field signs indicate a body mass below one tonne.,Retain candidates consistent with the broad signal: a body mass below one tonne.,key_fact,research_signal:subtonne_body_mass,{research_signal:subtonne_body_mass},f,1,https://nationalzoo.si.edu/animals/addax,reviewed,2026-07-19 04:20:34.021515+00
44,50,track,"Four separated trail segments replicate a large, load-bearing ground impression.","Retain candidates with the replicated signal: a large, load-bearing ground impression.",key_fact,research_signal:large_ground_impression,{research_signal:large_ground_impression},f,2,https://nationalzoo.si.edu/animals/addax,reviewed,2026-07-19 04:20:34.021515+00
45,50,track,"Eight aligned trace points resolve a large, load-bearing ground impression.","Retain candidates with the replicated signal: a large, load-bearing ground impression.",key_fact,research_signal:large_ground_impression,{research_signal:large_ground_impression},f,3,https://nationalzoo.si.edu/animals/addax,reviewed,2026-07-19 04:20:34.021515+00
46,50,observe,A brief sighting indicates routine travel in contact with the ground.,Retain candidates consistent with the broad signal: routine travel in contact with the ground.,key_fact,research_signal:ground_contact_travel,{research_signal:ground_contact_travel},f,1,https://nationalzoo.si.edu/animals/addax,reviewed,2026-07-19 04:20:34.021515+00
29,25,track,"A broad, deep print indicates a heavy, robust frame.",Retain candidates with a robust body plan.,morphology,body_plan:robust,{body_plan:robust},f,2,https://nationalzoo.si.edu/animals/tiger,legacy,2026-07-11 17:24:21.584256+00
47,50,observe,Four independent sightings replicate coordinated movement in a herd group.,Retain candidates with the replicated signal: coordinated movement in a herd group.,key_fact,research_signal:herd_group,{research_signal:herd_group},f,2,https://nationalzoo.si.edu/animals/addax,reviewed,2026-07-19 04:20:34.021515+00
48,50,observe,Eight timed sightings resolve coordinated movement in a herd group.,Retain candidates with the replicated signal: coordinated movement in a herd group.,key_fact,research_signal:herd_group,{research_signal:herd_group},f,3,https://nationalzoo.si.edu/animals/addax,reviewed,2026-07-19 04:20:34.021515+00
49,50,listen,A short listening sample supports a body larger than mouse-sized.,Retain candidates consistent with the broad signal: a body larger than mouse-sized.,key_fact,research_signal:larger_than_mouse,{research_signal:larger_than_mouse},f,1,https://nationalzoo.si.edu/animals/addax,reviewed,2026-07-19 04:20:34.021515+00
50,50,listen,Four listening stations replicate contact calls exchanged across a feeding area.,Retain candidates with the replicated signal: contact calls exchanged across a feeding area.,key_fact,research_signal:contact_calls,{research_signal:contact_calls},f,2,https://nationalzoo.si.edu/animals/addax,reviewed,2026-07-19 04:20:34.021515+00
51,50,listen,Eight calibrated recordings resolve contact calls exchanged across a feeding area.,Retain candidates with the replicated signal: contact calls exchanged across a feeding area.,key_fact,research_signal:contact_calls,{research_signal:contact_calls},f,3,https://nationalzoo.si.edu/animals/addax,reviewed,2026-07-19 04:20:34.021515+00
52,50,survey,Initial habitat readings support body cover without overlapping scales.,Retain candidates consistent with the broad signal: body cover without overlapping scales.,key_fact,research_signal:non_scaled_body_cover,{research_signal:non_scaled_body_cover},f,1,https://nationalzoo.si.edu/animals/addax,reviewed,2026-07-19 04:20:34.021515+00
53,50,survey,Four survey plots replicate persistent use of arid ground.,Retain candidates with the replicated signal: persistent use of arid ground.,key_fact,research_signal:arid_ground,{research_signal:arid_ground},f,2,https://nationalzoo.si.edu/animals/addax,reviewed,2026-07-19 04:20:34.021515+00
54,50,survey,Eight mapped plots resolve persistent use of arid ground.,Retain candidates with the replicated signal: persistent use of arid ground.,key_fact,research_signal:arid_ground,{research_signal:arid_ground},f,3,https://nationalzoo.si.edu/animals/addax,reviewed,2026-07-19 04:20:34.021515+00
55,50,analyze,A preliminary sample supports a diet not specialized on large vertebrate prey.,Retain candidates consistent with the broad signal: a diet not specialized on large vertebrate prey.,key_fact,research_signal:not_large_prey_specialist,{research_signal:not_large_prey_specialist},f,1,https://nationalzoo.si.edu/animals/addax,reviewed,2026-07-19 04:20:34.021515+00
56,50,analyze,Four replicate samples confirm a prominent keratin-based defensive structure.,Retain candidates with the replicated signal: a prominent keratin-based defensive structure.,key_fact,research_signal:keratin_defense,{research_signal:keratin_defense},f,2,https://nationalzoo.si.edu/animals/addax,reviewed,2026-07-19 04:20:34.021515+00
57,50,analyze,Eight high-resolution assays resolve a prominent keratin-based defensive structure.,Retain candidates with the replicated signal: a prominent keratin-based defensive structure.,key_fact,research_signal:keratin_defense,{research_signal:keratin_defense},f,3,https://nationalzoo.si.edu/animals/addax,reviewed,2026-07-19 04:20:34.021515+00
7,50,analyze,Water-balance evidence shows plant moisture can replace direct drinking.,This reliance on moisture from food is the case signature.,key_fact,signature:plant_moisture_replaces_drinking,{signature:plant_moisture_replaces_drinking},t,3,https://nationalzoo.si.edu/animals/addax,reviewed,2026-07-11 17:24:21.584256+00
1,50,track,"Deep, splayed hoofprints indicate a heavy, robust frame.",Retain candidates with a robust body plan.,morphology,body_plan:robust,{body_plan:robust},f,2,https://nationalzoo.si.edu/animals/addax,legacy,2026-07-11 17:24:21.584256+00
2,50,track,Hoof trails repeatedly connect sparse patches of desert grass.,Retain candidates associated with grassland habitat.,habitat,habitat_tag:grassland,{habitat_tag:grassland},f,2,https://saharaconservation.org/sahel-and-sahara-fauna/addax/,legacy,2026-07-11 17:24:21.584256+00
3,50,observe,Several adults travel and rest together as one group.,Retain candidates that normally form herds.,behavior,sociality:herd,{sociality:herd},f,3,https://nationalzoo.si.edu/animals/addax,legacy,2026-07-11 17:24:21.584256+00
4,50,observe,"Feeding observations show only grasses, leaves, and other plants.",Retain candidates with a herbivorous diet.,diet,diet_type:herbivore,{diet_type:herbivore},f,3,https://nationalzoo.si.edu/animals/addax,legacy,2026-07-11 17:24:21.584256+00
5,50,survey,Nearly all detections occur on arid sand and gravel plains.,Retain candidates associated with desert habitat.,habitat,habitat_tag:desert,{habitat_tag:desert},f,3,https://saharaconservation.org/sahel-and-sahara-fauna/addax/,legacy,2026-07-11 17:24:21.584256+00
6,50,survey,Survey cameras record most movement during cool nighttime hours.,Retain candidates with a nocturnal activity pattern.,behavior,activity_pattern:nocturnal,{activity_pattern:nocturnal},f,2,https://animaldiversity.org/accounts/Addax_nasomaculatus/,legacy,2026-07-11 17:24:21.584256+00
58,32,track,Partial field signs indicate a diet not specialized on large vertebrate prey.,Retain candidates consistent with the broad signal: a diet not specialized on large vertebrate prey.,key_fact,research_signal:not_large_prey_specialist,{research_signal:not_large_prey_specialist},f,1,https://www.mammaldiversity.org/taxon/1000483/,reviewed,2026-07-19 04:20:34.021515+00
59,32,track,Four separated trail segments replicate a repeated digging trace.,Retain candidates with the replicated signal: a repeated digging trace.,key_fact,research_signal:digging_trace,{research_signal:digging_trace},f,2,https://www.mammaldiversity.org/taxon/1000483/,reviewed,2026-07-19 04:20:34.021515+00
60,32,track,Eight aligned trace points resolve a repeated digging trace.,Retain candidates with the replicated signal: a repeated digging trace.,key_fact,research_signal:digging_trace,{research_signal:digging_trace},f,3,https://www.mammaldiversity.org/taxon/1000483/,reviewed,2026-07-19 04:20:34.021515+00
61,32,observe,A brief sighting indicates a body mass below one tonne.,Retain candidates consistent with the broad signal: a body mass below one tonne.,key_fact,research_signal:subtonne_body_mass,{research_signal:subtonne_body_mass},f,1,https://www.mammaldiversity.org/taxon/1000483/,reviewed,2026-07-19 04:20:34.021515+00
62,32,observe,Four independent sightings replicate predation on vertebrate prey.,Retain candidates with the replicated signal: predation on vertebrate prey.,key_fact,research_signal:vertebrate_predation,{research_signal:vertebrate_predation},f,2,https://www.mammaldiversity.org/taxon/1000483/,reviewed,2026-07-19 04:20:34.021515+00
63,32,observe,Eight timed sightings resolve predation on vertebrate prey.,Retain candidates with the replicated signal: predation on vertebrate prey.,key_fact,research_signal:vertebrate_predation,{research_signal:vertebrate_predation},f,3,https://www.mammaldiversity.org/taxon/1000483/,reviewed,2026-07-19 04:20:34.021515+00
64,32,listen,A short listening sample supports a range outside the Sahara.,Retain candidates consistent with the broad signal: a range outside the Sahara.,key_fact,research_signal:non_saharan_range,{research_signal:non_saharan_range},f,1,https://www.mammaldiversity.org/taxon/1000483/,reviewed,2026-07-19 04:20:34.021515+00
65,32,listen,Four listening stations replicate a low-frequency signal carried through the substrate.,Retain candidates with the replicated signal: a low-frequency signal carried through the substrate.,key_fact,research_signal:substrate_vibration,{research_signal:substrate_vibration},f,2,https://www.mammaldiversity.org/taxon/1000483/,reviewed,2026-07-19 04:20:34.021515+00
66,32,listen,Eight calibrated recordings resolve a low-frequency signal carried through the substrate.,Retain candidates with the replicated signal: a low-frequency signal carried through the substrate.,key_fact,research_signal:substrate_vibration,{research_signal:substrate_vibration},f,3,https://www.mammaldiversity.org/taxon/1000483/,reviewed,2026-07-19 04:20:34.021515+00
67,32,survey,Initial habitat readings support routine travel in contact with the ground.,Retain candidates consistent with the broad signal: routine travel in contact with the ground.,key_fact,research_signal:ground_contact_travel,{research_signal:ground_contact_travel},f,1,https://www.mammaldiversity.org/taxon/1000483/,reviewed,2026-07-19 04:20:34.021515+00
68,32,survey,Four survey plots replicate persistent use of arid ground.,Retain candidates with the replicated signal: persistent use of arid ground.,key_fact,research_signal:arid_ground,{research_signal:arid_ground},f,2,https://www.mammaldiversity.org/taxon/1000483/,reviewed,2026-07-19 04:20:34.021515+00
69,32,survey,Eight mapped plots resolve persistent use of arid ground.,Retain candidates with the replicated signal: persistent use of arid ground.,key_fact,research_signal:arid_ground,{research_signal:arid_ground},f,3,https://www.mammaldiversity.org/taxon/1000483/,reviewed,2026-07-19 04:20:34.021515+00
70,32,analyze,A preliminary sample supports body cover without overlapping scales.,Retain candidates consistent with the broad signal: body cover without overlapping scales.,key_fact,research_signal:non_scaled_body_cover,{research_signal:non_scaled_body_cover},f,1,https://www.mammaldiversity.org/taxon/1000483/,reviewed,2026-07-19 04:20:34.021515+00
71,32,analyze,Four replicate samples confirm sensory adaptations that support nonvisual foraging cues.,Retain candidates with the replicated signal: sensory adaptations that support nonvisual foraging cues.,key_fact,research_signal:nonvisual_foraging,{research_signal:nonvisual_foraging},f,2,https://www.mammaldiversity.org/taxon/1000483/,reviewed,2026-07-19 04:20:34.021515+00
72,32,analyze,Eight high-resolution assays resolve sensory adaptations that support nonvisual foraging cues.,Retain candidates with the replicated signal: sensory adaptations that support nonvisual foraging cues.,key_fact,research_signal:nonvisual_foraging,{research_signal:nonvisual_foraging},f,3,https://www.mammaldiversity.org/taxon/1000483/,reviewed,2026-07-19 04:20:34.021515+00
14,32,analyze,Soil DNA first revealed survival before a matching specimen was documented.,This rediscovery through soil DNA is the case signature.,key_fact,signature:rediscovered_by_soil_edna,{signature:rediscovered_by_soil_edna},t,3,https://link.springer.com/article/10.1007/s10531-023-02728-2,reviewed,2026-07-11 17:24:21.584256+00
8,32,track,Feeding remains include small animal prey rather than plants.,Retain candidates with a carnivorous diet.,diet,diet_type:carnivore,{diet_type:carnivore},f,2,https://ewt.org.za/wp-content/uploads/2022/11/13.-De-Wintons-Golden-Mole-Cryptochloris-wintoni-Critically-Endangered-Possibly-Extinct.pdf,legacy,2026-07-11 17:24:21.584256+00
9,32,track,Feeding traces contain insect larvae and pupal remains.,Retain candidates with an insectivorous diet.,diet,diet_type:insectivore,{diet_type:insectivore},f,3,https://ewt.org.za/wp-content/uploads/2022/11/13.-De-Wintons-Golden-Mole-Cryptochloris-wintoni-Critically-Endangered-Possibly-Extinct.pdf,legacy,2026-07-11 17:24:21.584256+00
10,32,observe,Diet evidence shows repeated consumption of insects and their larvae.,Retain candidates with an insectivorous diet.,diet,diet_type:insectivore,{diet_type:insectivore},f,3,https://ewt.org.za/wp-content/uploads/2022/11/13.-De-Wintons-Golden-Mole-Cryptochloris-wintoni-Critically-Endangered-Possibly-Extinct.pdf,legacy,2026-07-11 17:24:21.584256+00
11,32,observe,The animal advances by digging through loose sand below the surface.,Retain candidates that dig while foraging.,behavior,foraging_style:dig,{foraging_style:dig},f,3,https://link.springer.com/article/10.1007/s10531-023-02728-2,legacy,2026-07-11 17:24:21.584256+00
12,32,survey,Subsurface runs occur in loose sand within an arid desert landscape.,Retain candidates associated with desert habitat.,habitat,habitat_tag:desert,{habitat_tag:desert},f,3,https://link.springer.com/article/10.1007/s10531-023-02728-2,legacy,2026-07-11 17:24:21.584256+00
13,32,survey,Shallow tunnels bear narrow grooves from specialized digging claws.,Retain candidates with specialized digging claws.,morphology,distinctive_features:claws_digging,{distinctive_features:claws_digging},f,3,https://link.springer.com/article/10.1007/s10531-023-02728-2,legacy,2026-07-11 17:24:21.584256+00
73,28,track,Partial field signs indicate a range outside the Sahara.,Retain candidates consistent with the broad signal: a range outside the Sahara.,key_fact,research_signal:non_saharan_range,{research_signal:non_saharan_range},f,1,https://www.mammaldiversity.org/taxon/1000521/,reviewed,2026-07-19 04:20:34.021515+00
74,28,track,Four separated trail segments replicate tree-feeding debris below a used feeding site.,Retain candidates with the replicated signal: tree-feeding debris below a used feeding site.,key_fact,research_signal:tree_feeding_debris,{research_signal:tree_feeding_debris},f,2,https://www.mammaldiversity.org/taxon/1000521/,reviewed,2026-07-19 04:20:34.021515+00
75,28,track,Eight aligned trace points resolve tree-feeding debris below a used feeding site.,Retain candidates with the replicated signal: tree-feeding debris below a used feeding site.,key_fact,research_signal:tree_feeding_debris,{research_signal:tree_feeding_debris},f,3,https://www.mammaldiversity.org/taxon/1000521/,reviewed,2026-07-19 04:20:34.021515+00
76,28,observe,A brief sighting indicates a body larger than mouse-sized.,Retain candidates consistent with the broad signal: a body larger than mouse-sized.,key_fact,research_signal:larger_than_mouse,{research_signal:larger_than_mouse},f,1,https://www.mammaldiversity.org/taxon/1000521/,reviewed,2026-07-19 04:20:34.021515+00
77,28,observe,Four independent sightings replicate coordinated movement in a herd group.,Retain candidates with the replicated signal: coordinated movement in a herd group.,key_fact,research_signal:herd_group,{research_signal:herd_group},f,2,https://www.mammaldiversity.org/taxon/1000521/,reviewed,2026-07-19 04:20:34.021515+00
78,28,observe,Eight timed sightings resolve coordinated movement in a herd group.,Retain candidates with the replicated signal: coordinated movement in a herd group.,key_fact,research_signal:herd_group,{research_signal:herd_group},f,3,https://www.mammaldiversity.org/taxon/1000521/,reviewed,2026-07-19 04:20:34.021515+00
79,28,listen,A short listening sample supports body cover without overlapping scales.,Retain candidates consistent with the broad signal: body cover without overlapping scales.,key_fact,research_signal:non_scaled_body_cover,{research_signal:non_scaled_body_cover},f,1,https://www.mammaldiversity.org/taxon/1000521/,reviewed,2026-07-19 04:20:34.021515+00
80,28,listen,Four listening stations replicate a low-frequency signal carried through the substrate.,Retain candidates with the replicated signal: a low-frequency signal carried through the substrate.,key_fact,research_signal:substrate_vibration,{research_signal:substrate_vibration},f,2,https://www.mammaldiversity.org/taxon/1000521/,reviewed,2026-07-19 04:20:34.021515+00
81,28,listen,Eight calibrated recordings resolve a low-frequency signal carried through the substrate.,Retain candidates with the replicated signal: a low-frequency signal carried through the substrate.,key_fact,research_signal:substrate_vibration,{research_signal:substrate_vibration},f,3,https://www.mammaldiversity.org/taxon/1000521/,reviewed,2026-07-19 04:20:34.021515+00
82,28,survey,Initial habitat readings support a diet not specialized on large vertebrate prey.,Retain candidates consistent with the broad signal: a diet not specialized on large vertebrate prey.,key_fact,research_signal:not_large_prey_specialist,{research_signal:not_large_prey_specialist},f,1,https://www.mammaldiversity.org/taxon/1000521/,reviewed,2026-07-19 04:20:34.021515+00
83,28,survey,Four survey plots replicate feeding activity along tropical forest edges.,Retain candidates with the replicated signal: feeding activity along tropical forest edges.,key_fact,research_signal:forest_edge_feeding,{research_signal:forest_edge_feeding},f,2,https://www.mammaldiversity.org/taxon/1000521/,reviewed,2026-07-19 04:20:34.021515+00
84,28,survey,Eight mapped plots resolve feeding activity along tropical forest edges.,Retain candidates with the replicated signal: feeding activity along tropical forest edges.,key_fact,research_signal:forest_edge_feeding,{research_signal:forest_edge_feeding},f,3,https://www.mammaldiversity.org/taxon/1000521/,reviewed,2026-07-19 04:20:34.021515+00
85,28,analyze,A preliminary sample supports routine travel in contact with the ground.,Retain candidates consistent with the broad signal: routine travel in contact with the ground.,key_fact,research_signal:ground_contact_travel,{research_signal:ground_contact_travel},f,1,https://www.mammaldiversity.org/taxon/1000521/,reviewed,2026-07-19 04:20:34.021515+00
86,28,analyze,Four replicate samples confirm an endangered megafauna profile.,Retain candidates with the replicated signal: an endangered megafauna profile.,key_fact,research_signal:endangered_megafauna_cohort,{research_signal:endangered_megafauna_cohort},f,2,https://www.mammaldiversity.org/taxon/1000521/,reviewed,2026-07-19 04:20:34.021515+00
87,28,analyze,Eight high-resolution assays resolve an endangered megafauna profile.,Retain candidates with the replicated signal: an endangered megafauna profile.,key_fact,research_signal:endangered_megafauna_cohort,{research_signal:endangered_megafauna_cohort},f,3,https://www.mammaldiversity.org/taxon/1000521/,reviewed,2026-07-19 04:20:34.021515+00
21,28,analyze,Reproductive records show gestation lasts nearly twenty-two months.,This exceptionally long gestation is the case signature.,reproduction,signature:nearly_twenty_two_month_gestation,{signature:nearly_twenty_two_month_gestation},t,3,https://nationalzoo.si.edu/animals/asian-elephant,reviewed,2026-07-11 17:24:21.584256+00
15,28,track,"Very broad, deep prints indicate a heavy, robust frame.",Retain candidates with a robust body plan.,morphology,body_plan:robust,{body_plan:robust},f,2,https://nationalzoo.si.edu/animals/asian-elephant,legacy,2026-07-11 17:24:21.584256+00
16,28,track,A well-used trail crosses broad grassy openings.,Retain candidates associated with grassland habitat.,habitat,habitat_tag:grassland,{habitat_tag:grassland},f,2,https://nationalzoo.si.edu/animals/asian-elephant,legacy,2026-07-11 17:24:21.584256+00
17,28,observe,Related adults and young travel together as a cohesive group.,Retain candidates that normally form herds.,behavior,sociality:herd,{sociality:herd},f,3,https://nationalzoo.si.edu/animals/asian-elephant,legacy,2026-07-11 17:24:21.584256+00
18,28,observe,"Feeding observations show grasses, bark, roots, and other plants.",Retain candidates with a herbivorous diet.,diet,diet_type:herbivore,{diet_type:herbivore},f,3,https://nationalzoo.si.edu/animals/asian-elephant,legacy,2026-07-11 17:24:21.584256+00
19,28,survey,Fresh sign continues into humid rainforest cover.,Retain candidates associated with rainforest habitat.,habitat,habitat_tag:rainforest,{habitat_tag:rainforest},f,1,https://nationalzoo.si.edu/animals/asian-elephant,legacy,2026-07-11 17:24:21.584256+00
20,28,survey,Long-term monitoring records calves across successive breeding cycles.,Retain candidates with an iteroparous life history.,reproduction,parity:iteroparous,{parity:iteroparous},f,1,https://nationalzoo.si.edu/animals/asian-elephant,legacy,2026-07-11 17:24:21.584256+00
88,24,track,Partial field signs indicate routine travel in contact with the ground.,Retain candidates consistent with the broad signal: routine travel in contact with the ground.,key_fact,research_signal:ground_contact_travel,{research_signal:ground_contact_travel},f,1,https://www.mammaldiversity.org/taxon/1005796/,reviewed,2026-07-19 04:20:34.021515+00
89,24,track,Four separated trail segments replicate a repeated digging trace.,Retain candidates with the replicated signal: a repeated digging trace.,key_fact,research_signal:digging_trace,{research_signal:digging_trace},f,2,https://www.mammaldiversity.org/taxon/1005796/,reviewed,2026-07-19 04:20:34.021515+00
90,24,track,Eight aligned trace points resolve a repeated digging trace.,Retain candidates with the replicated signal: a repeated digging trace.,key_fact,research_signal:digging_trace,{research_signal:digging_trace},f,3,https://www.mammaldiversity.org/taxon/1005796/,reviewed,2026-07-19 04:20:34.021515+00
91,24,observe,A brief sighting indicates a diet not specialized on large vertebrate prey.,Retain candidates consistent with the broad signal: a diet not specialized on large vertebrate prey.,key_fact,research_signal:not_large_prey_specialist,{research_signal:not_large_prey_specialist},f,1,https://www.mammaldiversity.org/taxon/1005796/,reviewed,2026-07-19 04:20:34.021515+00
92,24,observe,Four independent sightings replicate foraging above ground in trees.,Retain candidates with the replicated signal: foraging above ground in trees.,key_fact,research_signal:arboreal_foraging,{research_signal:arboreal_foraging},f,2,https://www.mammaldiversity.org/taxon/1005796/,reviewed,2026-07-19 04:20:34.021515+00
93,24,observe,Eight timed sightings resolve foraging above ground in trees.,Retain candidates with the replicated signal: foraging above ground in trees.,key_fact,research_signal:arboreal_foraging,{research_signal:arboreal_foraging},f,3,https://www.mammaldiversity.org/taxon/1005796/,reviewed,2026-07-19 04:20:34.021515+00
94,24,listen,A short listening sample supports a body mass below one tonne.,Retain candidates consistent with the broad signal: a body mass below one tonne.,key_fact,research_signal:subtonne_body_mass,{research_signal:subtonne_body_mass},f,1,https://www.mammaldiversity.org/taxon/1005796/,reviewed,2026-07-19 04:20:34.021515+00
95,24,listen,Four listening stations replicate long quiet intervals from a solitary animal.,Retain candidates with the replicated signal: long quiet intervals from a solitary animal.,key_fact,research_signal:solitary_quiet,{research_signal:solitary_quiet},f,2,https://www.mammaldiversity.org/taxon/1005796/,reviewed,2026-07-19 04:20:34.021515+00
96,24,listen,Eight calibrated recordings resolve long quiet intervals from a solitary animal.,Retain candidates with the replicated signal: long quiet intervals from a solitary animal.,key_fact,research_signal:solitary_quiet,{research_signal:solitary_quiet},f,3,https://www.mammaldiversity.org/taxon/1005796/,reviewed,2026-07-19 04:20:34.021515+00
97,24,survey,Initial habitat readings support a range outside the Sahara.,Retain candidates consistent with the broad signal: a range outside the Sahara.,key_fact,research_signal:non_saharan_range,{research_signal:non_saharan_range},f,1,https://www.mammaldiversity.org/taxon/1005796/,reviewed,2026-07-19 04:20:34.021515+00
98,24,survey,Four survey plots replicate feeding activity along tropical forest edges.,Retain candidates with the replicated signal: feeding activity along tropical forest edges.,key_fact,research_signal:forest_edge_feeding,{research_signal:forest_edge_feeding},f,2,https://www.mammaldiversity.org/taxon/1005796/,reviewed,2026-07-19 04:20:34.021515+00
99,24,survey,Eight mapped plots resolve feeding activity along tropical forest edges.,Retain candidates with the replicated signal: feeding activity along tropical forest edges.,key_fact,research_signal:forest_edge_feeding,{research_signal:forest_edge_feeding},f,3,https://www.mammaldiversity.org/taxon/1005796/,reviewed,2026-07-19 04:20:34.021515+00
100,24,analyze,A preliminary sample supports a body larger than mouse-sized.,Retain candidates consistent with the broad signal: a body larger than mouse-sized.,key_fact,research_signal:larger_than_mouse,{research_signal:larger_than_mouse},f,1,https://www.mammaldiversity.org/taxon/1005796/,reviewed,2026-07-19 04:20:34.021515+00
101,24,analyze,Four replicate samples confirm a prominent keratin-based defensive structure.,Retain candidates with the replicated signal: a prominent keratin-based defensive structure.,key_fact,research_signal:keratin_defense,{research_signal:keratin_defense},f,2,https://www.mammaldiversity.org/taxon/1005796/,reviewed,2026-07-19 04:20:34.021515+00
102,24,analyze,Eight high-resolution assays resolve a prominent keratin-based defensive structure.,Retain candidates with the replicated signal: a prominent keratin-based defensive structure.,key_fact,research_signal:keratin_defense,{research_signal:keratin_defense},f,3,https://www.mammaldiversity.org/taxon/1005796/,reviewed,2026-07-19 04:20:34.021515+00
28,24,analyze,Maternal records show a youngster riding at the base of the mother's tail.,This unusual position for carrying young is the case signature.,reproduction,signature:young_rides_at_mothers_tail_base,{signature:young_rides_at_mothers_tail_base},t,3,https://www.pangolinsg.org/wp-content/uploads/sites/35/2018/06/Lim_Ng_2007_Home-range-activity-cycle-and-natal-den-usage-of-a-female-Sunda-pangolin-in-Singapore.pdf,reviewed,2026-07-11 17:24:21.584256+00
22,24,track,"Fresh trail sign lies beneath a humid, closed forest canopy.",Retain candidates associated with rainforest habitat.,habitat,habitat_tag:rainforest,{habitat_tag:rainforest},f,1,https://www.nparks.gov.sg/florafaunaweb/fauna/2/1/212,legacy,2026-07-11 17:24:21.584256+00
23,24,track,The freshest tracks and feeding marks appear after dark.,Retain candidates with a nocturnal activity pattern.,behavior,activity_pattern:nocturnal,{activity_pattern:nocturnal},f,2,https://www.pangolinsg.org/wp-content/uploads/sites/35/2018/06/Lim_Ng_2007_Home-range-activity-cycle-and-natal-den-usage-of-a-female-Sunda-pangolin-in-Singapore.pdf,legacy,2026-07-11 17:24:21.584256+00
24,24,observe,Repeated detections show one adult moving without companions.,Retain candidates that are normally solitary.,behavior,sociality:solitary,{sociality:solitary},f,3,https://www.nparks.gov.sg/florafaunaweb/fauna/2/1/212,legacy,2026-07-11 17:24:21.584256+00
25,24,observe,The animal climbs and travels along branches above the ground.,Retain candidates with arboreal locomotion.,behavior,locomotion:arboreal,{locomotion:arboreal},f,3,https://www.nparks.gov.sg/florafaunaweb/fauna/2/1/212,legacy,2026-07-11 17:24:21.584256+00
26,24,survey,Feeding sites contain remains from ants and termites.,Retain candidates with an insectivorous diet.,diet,diet_type:insectivore,{diet_type:insectivore},f,3,https://www.nparks.gov.sg/florafaunaweb/fauna/2/1/212,legacy,2026-07-11 17:24:21.584256+00
27,24,survey,Excavated soil bears paired grooves from powerful digging claws.,Retain candidates with specialized digging claws.,morphology,distinctive_features:claws_digging,{distinctive_features:claws_digging},f,3,https://www.nparks.gov.sg/florafaunaweb/fauna/2/1/212,legacy,2026-07-11 17:24:21.584256+00
103,25,track,Partial field signs indicate a body larger than mouse-sized.,Retain candidates consistent with the broad signal: a body larger than mouse-sized.,key_fact,research_signal:larger_than_mouse,{research_signal:larger_than_mouse},f,1,https://nationalzoo.si.edu/animals/tiger,reviewed,2026-07-19 04:20:34.021515+00
104,25,track,"Four separated trail segments replicate a large, load-bearing ground impression.","Retain candidates with the replicated signal: a large, load-bearing ground impression.",key_fact,research_signal:large_ground_impression,{research_signal:large_ground_impression},f,2,https://nationalzoo.si.edu/animals/tiger,reviewed,2026-07-19 04:20:34.021515+00
105,25,track,"Eight aligned trace points resolve a large, load-bearing ground impression.","Retain candidates with the replicated signal: a large, load-bearing ground impression.",key_fact,research_signal:large_ground_impression,{research_signal:large_ground_impression},f,3,https://nationalzoo.si.edu/animals/tiger,reviewed,2026-07-19 04:20:34.021515+00
106,25,observe,A brief sighting indicates body cover without overlapping scales.,Retain candidates consistent with the broad signal: body cover without overlapping scales.,key_fact,research_signal:non_scaled_body_cover,{research_signal:non_scaled_body_cover},f,1,https://nationalzoo.si.edu/animals/tiger,reviewed,2026-07-19 04:20:34.021515+00
107,25,observe,Four independent sightings replicate predation on vertebrate prey.,Retain candidates with the replicated signal: predation on vertebrate prey.,key_fact,research_signal:vertebrate_predation,{research_signal:vertebrate_predation},f,2,https://nationalzoo.si.edu/animals/tiger,reviewed,2026-07-19 04:20:34.021515+00
108,25,observe,Eight timed sightings resolve predation on vertebrate prey.,Retain candidates with the replicated signal: predation on vertebrate prey.,key_fact,research_signal:vertebrate_predation,{research_signal:vertebrate_predation},f,3,https://nationalzoo.si.edu/animals/tiger,reviewed,2026-07-19 04:20:34.021515+00
109,25,listen,A short listening sample supports routine travel in contact with the ground.,Retain candidates consistent with the broad signal: routine travel in contact with the ground.,key_fact,research_signal:ground_contact_travel,{research_signal:ground_contact_travel},f,1,https://nationalzoo.si.edu/animals/tiger,reviewed,2026-07-19 04:20:34.021515+00
110,25,listen,Four listening stations replicate long quiet intervals from a solitary animal.,Retain candidates with the replicated signal: long quiet intervals from a solitary animal.,key_fact,research_signal:solitary_quiet,{research_signal:solitary_quiet},f,2,https://nationalzoo.si.edu/animals/tiger,reviewed,2026-07-19 04:20:34.021515+00
111,25,listen,Eight calibrated recordings resolve long quiet intervals from a solitary animal.,Retain candidates with the replicated signal: long quiet intervals from a solitary animal.,key_fact,research_signal:solitary_quiet,{research_signal:solitary_quiet},f,3,https://nationalzoo.si.edu/animals/tiger,reviewed,2026-07-19 04:20:34.021515+00
112,25,survey,Initial habitat readings support a body mass below one tonne.,Retain candidates consistent with the broad signal: a body mass below one tonne.,key_fact,research_signal:subtonne_body_mass,{research_signal:subtonne_body_mass},f,1,https://nationalzoo.si.edu/animals/tiger,reviewed,2026-07-19 04:20:34.021515+00
113,25,survey,Four survey plots replicate dependence on remaining fragments of forest.,Retain candidates with the replicated signal: dependence on remaining fragments of forest.,key_fact,research_signal:fragmented_forest,{research_signal:fragmented_forest},f,2,https://nationalzoo.si.edu/animals/tiger,reviewed,2026-07-19 04:20:34.021515+00
114,25,survey,Eight mapped plots resolve dependence on remaining fragments of forest.,Retain candidates with the replicated signal: dependence on remaining fragments of forest.,key_fact,research_signal:fragmented_forest,{research_signal:fragmented_forest},f,3,https://nationalzoo.si.edu/animals/tiger,reviewed,2026-07-19 04:20:34.021515+00
115,25,analyze,A preliminary sample supports a range outside the Sahara.,Retain candidates consistent with the broad signal: a range outside the Sahara.,key_fact,research_signal:non_saharan_range,{research_signal:non_saharan_range},f,1,https://nationalzoo.si.edu/animals/tiger,reviewed,2026-07-19 04:20:34.021515+00
116,25,analyze,Four replicate samples confirm an endangered megafauna profile.,Retain candidates with the replicated signal: an endangered megafauna profile.,key_fact,research_signal:endangered_megafauna_cohort,{research_signal:endangered_megafauna_cohort},f,2,https://nationalzoo.si.edu/animals/tiger,reviewed,2026-07-19 04:20:34.021515+00
117,25,analyze,Eight high-resolution assays resolve an endangered megafauna profile.,Retain candidates with the replicated signal: an endangered megafauna profile.,key_fact,research_signal:endangered_megafauna_cohort,{research_signal:endangered_megafauna_cohort},f,3,https://nationalzoo.si.edu/animals/tiger,reviewed,2026-07-19 04:20:34.021515+00
35,25,analyze,Movement records include a single swim of about eight kilometres.,This exceptional long-distance swim is the case signature.,key_fact,signature:swims_eight_kilometers,{signature:swims_eight_kilometers},t,3,https://animals.sandiegozoo.org/animals/tiger,reviewed,2026-07-11 17:24:21.584256+00
30,25,track,"Fresh spoor passes beneath a wet, closed forest canopy.",Retain candidates associated with rainforest habitat.,habitat,habitat_tag:rainforest,{habitat_tag:rainforest},f,1,https://nationalzoo.si.edu/animals/tiger,legacy,2026-07-11 17:24:21.584256+00
31,25,observe,Camera detections cluster during the hours after dark.,Retain candidates with a nocturnal activity pattern.,behavior,activity_pattern:nocturnal,{activity_pattern:nocturnal},f,2,https://nationalzoo.si.edu/animals/tiger,legacy,2026-07-11 17:24:21.584256+00
32,25,observe,Repeated sightings show one adult moving without companions.,Retain candidates that are normally solitary.,behavior,sociality:solitary,{sociality:solitary},f,3,https://nationalzoo.si.edu/animals/tiger,legacy,2026-07-11 17:24:21.584256+00
33,25,survey,Field signs continue through tall grass and open cover.,Retain candidates associated with grassland habitat.,habitat,habitat_tag:grassland,{habitat_tag:grassland},f,2,https://nc.iucnredlist.org/redlist/amazing-species/panthera-tigris/pdfs/original/panthera-tigris.pdf,legacy,2026-07-11 17:24:21.584256+00
34,25,survey,The strongest sign concentration lies inside humid rainforest.,Retain candidates associated with rainforest habitat.,habitat,habitat_tag:rainforest,{habitat_tag:rainforest},f,1,https://nc.iucnredlist.org/redlist/amazing-species/panthera-tigris/pdfs/original/panthera-tigris.pdf,legacy,2026-07-11 17:24:21.584256+00
118,45,track,Partial field signs indicate body cover without overlapping scales.,Retain candidates consistent with the broad signal: body cover without overlapping scales.,key_fact,research_signal:non_scaled_body_cover,{research_signal:non_scaled_body_cover},f,1,https://www.mammaldiversity.org/taxon/1004470/,reviewed,2026-07-19 04:20:34.021515+00
119,45,track,Four separated trail segments replicate tree-feeding debris below a used feeding site.,Retain candidates with the replicated signal: tree-feeding debris below a used feeding site.,key_fact,research_signal:tree_feeding_debris,{research_signal:tree_feeding_debris},f,2,https://www.mammaldiversity.org/taxon/1004470/,reviewed,2026-07-19 04:20:34.021515+00
120,45,track,Eight aligned trace points resolve tree-feeding debris below a used feeding site.,Retain candidates with the replicated signal: tree-feeding debris below a used feeding site.,key_fact,research_signal:tree_feeding_debris,{research_signal:tree_feeding_debris},f,3,https://www.mammaldiversity.org/taxon/1004470/,reviewed,2026-07-19 04:20:34.021515+00
121,45,observe,A brief sighting indicates a range outside the Sahara.,Retain candidates consistent with the broad signal: a range outside the Sahara.,key_fact,research_signal:non_saharan_range,{research_signal:non_saharan_range},f,1,https://www.mammaldiversity.org/taxon/1004470/,reviewed,2026-07-19 04:20:34.021515+00
122,45,observe,Four independent sightings replicate foraging above ground in trees.,Retain candidates with the replicated signal: foraging above ground in trees.,key_fact,research_signal:arboreal_foraging,{research_signal:arboreal_foraging},f,2,https://www.mammaldiversity.org/taxon/1004470/,reviewed,2026-07-19 04:20:34.021515+00
123,45,observe,Eight timed sightings resolve foraging above ground in trees.,Retain candidates with the replicated signal: foraging above ground in trees.,key_fact,research_signal:arboreal_foraging,{research_signal:arboreal_foraging},f,3,https://www.mammaldiversity.org/taxon/1004470/,reviewed,2026-07-19 04:20:34.021515+00
124,45,listen,A short listening sample supports a diet not specialized on large vertebrate prey.,Retain candidates consistent with the broad signal: a diet not specialized on large vertebrate prey.,key_fact,research_signal:not_large_prey_specialist,{research_signal:not_large_prey_specialist},f,1,https://www.mammaldiversity.org/taxon/1004470/,reviewed,2026-07-19 04:20:34.021515+00
125,45,listen,Four listening stations replicate contact calls exchanged across a feeding area.,Retain candidates with the replicated signal: contact calls exchanged across a feeding area.,key_fact,research_signal:contact_calls,{research_signal:contact_calls},f,2,https://www.mammaldiversity.org/taxon/1004470/,reviewed,2026-07-19 04:20:34.021515+00
126,45,listen,Eight calibrated recordings resolve contact calls exchanged across a feeding area.,Retain candidates with the replicated signal: contact calls exchanged across a feeding area.,key_fact,research_signal:contact_calls,{research_signal:contact_calls},f,3,https://www.mammaldiversity.org/taxon/1004470/,reviewed,2026-07-19 04:20:34.021515+00
127,45,survey,Initial habitat readings support a body larger than mouse-sized.,Retain candidates consistent with the broad signal: a body larger than mouse-sized.,key_fact,research_signal:larger_than_mouse,{research_signal:larger_than_mouse},f,1,https://www.mammaldiversity.org/taxon/1004470/,reviewed,2026-07-19 04:20:34.021515+00
128,45,survey,Four survey plots replicate dependence on remaining fragments of forest.,Retain candidates with the replicated signal: dependence on remaining fragments of forest.,key_fact,research_signal:fragmented_forest,{research_signal:fragmented_forest},f,2,https://www.mammaldiversity.org/taxon/1004470/,reviewed,2026-07-19 04:20:34.021515+00
129,45,survey,Eight mapped plots resolve dependence on remaining fragments of forest.,Retain candidates with the replicated signal: dependence on remaining fragments of forest.,key_fact,research_signal:fragmented_forest,{research_signal:fragmented_forest},f,3,https://www.mammaldiversity.org/taxon/1004470/,reviewed,2026-07-19 04:20:34.021515+00
130,45,analyze,A preliminary sample supports a body mass below one tonne.,Retain candidates consistent with the broad signal: a body mass below one tonne.,key_fact,research_signal:subtonne_body_mass,{research_signal:subtonne_body_mass},f,1,https://www.mammaldiversity.org/taxon/1004470/,reviewed,2026-07-19 04:20:34.021515+00
131,45,analyze,Four replicate samples confirm sensory adaptations that support nonvisual foraging cues.,Retain candidates with the replicated signal: sensory adaptations that support nonvisual foraging cues.,key_fact,research_signal:nonvisual_foraging,{research_signal:nonvisual_foraging},f,2,https://www.mammaldiversity.org/taxon/1004470/,reviewed,2026-07-19 04:20:34.021515+00
132,45,analyze,Eight high-resolution assays resolve sensory adaptations that support nonvisual foraging cues.,Retain candidates with the replicated signal: sensory adaptations that support nonvisual foraging cues.,key_fact,research_signal:nonvisual_foraging,{research_signal:nonvisual_foraging},f,3,https://www.mammaldiversity.org/taxon/1004470/,reviewed,2026-07-19 04:20:34.021515+00
42,45,analyze,Measurements document a wingspan reaching about 1.4 metres.,This unusually large measured wingspan is the case signature.,morphology,signature:one_point_four_metre_wingspan,{signature:one_point_four_metre_wingspan},t,3,https://academic.oup.com/mspecies/article/doi/10.1644/792.1/2600527,reviewed,2026-07-11 17:24:21.584256+00
36,45,track,"Roost approaches lead into a wet, closed forest canopy.",Retain candidates associated with rainforest habitat.,habitat,habitat_tag:rainforest,{habitat_tag:rainforest},f,1,https://www.cambridge.org/core/journals/oryx/article/bat-on-the-brink-a-rangewide-survey-of-the-critically-endangered-livingstones-fruit-bat-pteropus-livingstonii/26D69B17FD39154CC0CBE0C3472824D7,legacy,2026-07-11 17:24:21.584256+00
37,45,track,Repeated feeding traces mark a route between canopy food trees.,Retain candidates that forage while moving through habitat.,behavior,foraging_style:forage,{foraging_style:forage},f,3,https://academic.oup.com/mspecies/article/doi/10.1644/792.1/2600527,legacy,2026-07-11 17:24:21.584256+00
38,45,observe,Most movement and resting occur among branches in the upper canopy.,Retain candidates with arboreal locomotion.,behavior,locomotion:arboreal,{locomotion:arboreal},f,3,https://academic.oup.com/mspecies/article/doi/10.1644/792.1/2600527,legacy,2026-07-11 17:24:21.584256+00
39,45,observe,Long-term records show adults can produce young in successive years.,Retain candidates with an iteroparous life history.,reproduction,parity:iteroparous,{parity:iteroparous},f,1,https://academic.oup.com/mspecies/article/doi/10.1644/792.1/2600527,legacy,2026-07-11 17:24:21.584256+00
40,45,survey,Roost surveys place activity high among branches above the ground.,Retain candidates with arboreal locomotion.,behavior,locomotion:arboreal,{locomotion:arboreal},f,3,https://www.cambridge.org/core/journals/oryx/article/bat-on-the-brink-a-rangewide-survey-of-the-critically-endangered-livingstones-fruit-bat-pteropus-livingstonii/26D69B17FD39154CC0CBE0C3472824D7,legacy,2026-07-11 17:24:21.584256+00
41,45,survey,Yearly monitoring records new offspring across successive breeding seasons.,Retain candidates with an iteroparous life history.,reproduction,parity:iteroparous,{parity:iteroparous},f,1,https://academic.oup.com/mspecies/article/doi/10.1644/792.1/2600527,legacy,2026-07-11 17:24:21.584256+00
